id,name,model_id:id,group_id:id,perm_read,perm_write,perm_create,perm_unlink
access_dayflow_leave_employee,dayflow.leave.employee,model_dayflow_leave,dayflow_core.group_dayflow_employee,1,1,1,0
access_dayflow_leave_hr_officer,dayflow.leave.hr_officer,model_dayflow_leave,dayflow_core.group_dayflow_hr_officer,1,1,1,1
access_dayflow_leave_admin,dayflow.leave.admin,model_dayflow_leave,dayflow_core.group_dayflow_admin,1,1,1,1
access_dayflow_payroll_employee,dayflow.payroll.employee,model_dayflow_payroll,dayflow_core.group_dayflow_employee,1,0,0,0
access_dayflow_payroll_hr_officer,dayflow.payroll.hr_officer,model_dayflow_payroll,dayflow_core.group_dayflow_hr_officer,1,1,1,1
access_dayflow_payroll_admin,dayflow.payroll.admin,model_dayflow_payroll,dayflow_core.group_dayflow_admin,1,1,1,1
access_dayflow_notification_employee,dayflow.notification.employee,model_dayflow_notification,dayflow_core.group_dayflow_employee,1,1,1,1
access_dayflow_notification_hr_officer,dayflow.notification.hr_officer,model_dayflow_notification,dayflow_core.group_dayflow_hr_officer,1,1,1,1
access_dayflow_notification_admin,dayflow.notification.admin,model_dayflow_notification,dayflow_core.group_dayflow_admin,1,1,1,1
